{
  "coverImageFilename": "Cover.png",
  "icon": "Cover.png",
  "components": [
    {
      "Type": "FileCopyMod",
	  "SourceFileName": "SaberName.qsaber",
      "TargetRootedPathAndFileName": "/sdcard/Android/data/com.beatgames.beatsaber/files/sabers/testSaber.qsaber"
    }
  ],
  "version": "1.0.0",
  "links": {},
  "description": [
    "Mod Description"
  ],
  "gameVersion": "1.8.0",
  "platform": "Quest",
  "id": "ModID",
  "name": "Mod name",
  "author": "yourname",
  "category": "Saber"
}